{
  "tx_features": {
    "amount": 71.47,
    "log_amount": 4.28317268312119,
    "hour_of_day": 23.0,
    "day_of_week": 5.0,
    "time_since_prev_tx": 480.0,
    "amount_delta_prev_tx": -117.06,
    "tx_count_1h": 1.0,
    "tx_amount_mean_1h": 188.53,
    "tx_count_24h": 7.0,
    "tx_amount_mean_24h": 2602.6257142857144,
    "tx_count_7d": 7.0,
    "tx_amount_mean_7d": 2602.6257142857144,
    "out_degree": 8.0,
    "in_degree": 4.0,
    "total_degree": 12.0,
    "pagerank": 1.794145006633486e-06,
    "ego_tx_count": 80.0,
    "ego_amount_sum": 1476068.25,
    "ego_amount_mean": 18450.853125,
    "n2v_0": 0.6020371913909912,
    "n2v_1": -1.6536897420883179,
    "n2v_2": 0.18738844990730286,
    "n2v_3": 1.3821932077407837,
    "n2v_4": -0.3534071445465088,
    "n2v_5": -0.21866397559642792,
    "n2v_6": -0.5675123333930969,
    "n2v_7": 1.5484780073165894,
    "n2v_8": -2.3758325576782227,
    "n2v_9": -0.47672799229621887,
    "n2v_10": -0.6511823534965515,
    "n2v_11": 0.2826894223690033,
    "n2v_12": -2.9942853450775146,
    "n2v_13": -2.1924877166748047,
    "n2v_14": 0.08092008531093597,
    "n2v_15": -0.11749435216188431
  },
  "raw_tx": {
    "hour_of_day": 23,
    "day_of_week": 5,
    "tx_count_1h": 1.0,
    "tx_count_24h": 7.0,
    "out_degree": 8.0
  },
  "tx_text": "rapid transfers and layering pattern"
}
